{"cameraMode":{"drawMode":0,"name":"Shaded","section":"Shading Mode"},"sceneLighting":false,"audioPlay":false,"sceneViewState":{"showFog":true,"showMaterialUpdate":false,"showSkybox":false,"showFlares":true,"showImageEffects":true,"showParticleSystems":true,"showVisualEffectGraphs":true,"m_FxEnabled":true},"in2DMode":false,"pivot":{"x":-15.323578834533692,"y":-10.778697967529297,"z":49.74030303955078},"rotation":{"x":0.09929651767015457,"y":-0.1613231748342514,"z":0.016361286863684655,"w":0.9817182421684265},"size":28.284448623657228,"orthographic":false}