{"cameraMode":{"drawMode":0,"name":"Shaded","section":"Shading Mode"},"sceneLighting":true,"audioPlay":false,"sceneViewState":{"showFog":true,"showMaterialUpdate":false,"showSkybox":true,"showFlares":true,"showImageEffects":true,"showParticleSystems":true,"showVisualEffectGraphs":true,"m_FxEnabled":true},"in2DMode":false,"pivot":{"x":-57.334537506103519,"y":91.29503631591797,"z":-447.5307312011719},"rotation":{"x":-0.03148147836327553,"y":-0.029101883992552758,"z":0.0009110347018577158,"w":-0.9990724325180054},"size":61.554935455322269,"orthographic":false}