{"cameraMode":{"drawMode":0,"name":"Shaded","section":"Shading Mode"},"sceneLighting":true,"audioPlay":false,"sceneViewState":{"showFog":true,"showMaterialUpdate":false,"showSkybox":true,"showFlares":true,"showImageEffects":true,"showParticleSystems":true,"showVisualEffectGraphs":true,"m_FxEnabled":true},"in2DMode":false,"pivot":{"x":-150.16644287109376,"y":75.97586822509766,"z":-377.64605712890627},"rotation":{"x":-0.07885964214801789,"y":0.14627991616725923,"z":-0.011701877228915692,"w":-0.986005961894989},"size":125.82328796386719,"orthographic":false}